{"cameraMode":{"drawMode":0,"name":"Shaded","section":"Shading Mode"},"sceneLighting":true,"audioPlay":false,"sceneViewState":{"m_AlwaysRefresh":false,"showFog":true,"showSkybox":true,"showFlares":true,"showImageEffects":true,"showParticleSystems":true,"showVisualEffectGraphs":true,"m_FxEnabled":true},"in2DMode":false,"pivot":{"x":0.471895694732666,"y":7.633389949798584,"z":8.856208801269532},"rotation":{"x":0.0001467100519221276,"y":0.9981299042701721,"z":0.06116192415356636,"w":-0.0023952797055244447},"size":0.08219236135482788,"orthographic":false}